ID,Projects/Experience,Skills,Domain
1, "Develop and maintain a weather forecasting system", Meteorology, Weather Science
2, "Analyze and optimize supply chain logistics for an e-commerce platform", Supply Chain Optimization, E-commerce
3, "Design and develop a mobile health app for patient monitoring", Mobile Health, Healthcare
4, "Create and optimize 3D printing processes for manufacturing", 3D Printing, Manufacturing
5, "Build and manage renewable energy power plants", Power Plant Management, Energy
6, "Implement and manage a CRM system for a sales team", CRM Management, Sales
7, "Develop and maintain an e-government platform for citizen services", E-Government, Public Services
8, "Design and create virtual museum tours using augmented reality", AR Museum Tours, Art and Culture
9, "Analyze and develop AI algorithms for natural language processing", NLP Algorithms, AI
10, "Develop and manage a wildlife conservation database", Conservation Data Management, Environmental Science
11, "Perform security audits and penetration testing for a financial institution", Security Auditing, Finance
12, "Build and maintain a smart city IoT infrastructure", Smart City Infrastructure, IoT
13, "Design and develop a blockchain-based voting system", Blockchain Voting, Democracy
14, "Create and optimize content for a fashion e-commerce site", Fashion Content, E-commerce
15, "Develop and maintain a cloud-based video streaming platform", Video Streaming, Media
16, "Analyze and optimize a manufacturing process for a pharmaceutical company", Process Optimization, Pharmaceutical
17, "Build and manage a smart grid for an energy company", Smart Grid Management, Energy
18, "Implement and maintain an online learning management system", Learning Management, Education
19, "Design and create interactive exhibits for a science museum", Museum Exhibit Design, Science Education
20, "Develop and manage a mobile banking app for a financial institution", Mobile Banking, Finance
21, "Perform data analysis and visualization for climate change research", Climate Data Analysis, Environmental Science
22, "Analyze and develop machine learning algorithms for medical image analysis", Medical Image Analysis, Healthcare
23, "Design and develop a language translation app with speech recognition", Translation App, Language Technology
24, "Build and maintain a cryptocurrency trading platform", Cryptocurrency Trading, Finance
25, "Implement and manage a fleet tracking system for a logistics company", Fleet Tracking, Logistics
26, "Develop and maintain a chatbot for a customer support center", Chatbot Development, Customer Service
27, "Create and optimize content for a travel and tourism website", Travel Content, Tourism
28, "Analyze and optimize network infrastructure for a telecommunications company", Network Infrastructure Optimization, Telecommunications
29, "Design and develop a mobile app for mental health support", Mental Health App, Healthcare
30, "Develop and manage an e-commerce platform for handmade crafts", Handmade Crafts, E-commerce
31, "Build and maintain a game server for an online gaming community", Game Server Management, Gaming
32, "Implement and manage a loyalty program for a retail chain", Loyalty Program Management, Retail
33, "Analyze and optimize user interface for a fitness app", Fitness App UI, Health and Fitness
34, "Design and create virtual reality training simulations for the military", VR Training Simulations, Defense
35, "Develop and maintain a social networking platform for a niche community", Social Networking, Community Building
36, "Perform system and network security assessments for a technology company", Security Assessments, Cybersecurity
37, "Create and optimize content for a food and recipe blog", Food Blog Content, Food and Cooking
38, "Analyze and develop AI algorithms for autonomous drones", Drone AI, Aerospace
39, "Design and develop an augmented reality shopping app", AR Shopping App, E-commerce
40, "Develop and manage a real-time stock market data platform", Stock Market Data, Finance
41, "Build and maintain a fleet of autonomous delivery robots", Delivery Robotics, Logistics
42, "Implement and manage a customer relationship platform for a healthcare provider", Healthcare CRM, Healthcare
43, "Analyze and optimize supply chain logistics for a retail chain", Retail Supply Chain, Retail
44, "Create and optimize content for a travel booking platform", Travel Booking Content, Tourism
45, "Develop and maintain a cloud-based video conferencing system", Video Streaming, Media
46, "Design and create virtual reality experiences for education", VR Education, Education Technology
47, "Perform data analysis and visualization for environmental conservation", Environmental Data Analysis, Environmental Science
48, "Analyze and develop machine learning algorithms for predictive maintenance", Predictive Maintenance, Manufacturing
49, "Build and maintain a cryptocurrency wallet application", Crypto Wallet, Finance
50, "Implement and manage a smart city transportation system", Smart City Transportation, Urban Planning
51, "Develop and manage e-learning platforms", E-Learning, Educational Technology
52, "Perform software code reviews and quality assessments", Code Reviews, Code Quality
53, "Design and implement a disaster recovery data center", Data Center, Disaster Recovery
54, "Create and manage online customer surveys", Surveys, Customer Feedback
55, "Develop and maintain a chatbot for customer support", Chatbot Development, Customer Service
56, "Configure and manage network security appliances", Network Security Appliances, Security
57, "Analyze and optimize website conversion rates", Conversion Rate Optimization, Digital Marketing
58, "Develop and maintain a company's mobile app store presence", App Store Optimization, App Marketing
59, "Implement and manage an identity and access management (IAM) system", IAM, Access Control
60, "Design and develop virtual reality (VR) applications", Virtual Reality, VR Development
61, "Build and maintain a knowledge management system", Knowledge Management, Knowledge Sharing
62, "Configure and manage a software version control system (e.g., Git)", Version Control 
63, "Develop and maintain a company's online payment gateway", Payment Gateway, E-commerce
64, "Perform data analysis and visualization with Power BI", Power BI, Data Visualization
65, "Create and manage email marketing automation", Email Automation, Marketing Automation
66, "Configure and manage software-defined networking (SDN)", SDN, Network Virtualization
67, "Develop and maintain a data analytics platform", Data Analytics Platform, Data Science
68, "Analyze and optimize database performance", Database Performance Tuning, Performance Optimization
69, "Design and develop augmented reality (AR) applications", Augmented Reality, AR Development
70, "Build and maintain a company's social media presence", Social Media Management, Social Media
71, "Configure and manage intrusion prevention systems (IPS)", IPS, Network Security
72, "Analyze and optimize user interface (UI) design", UI Design Optimization, UI/UX Design
73, "Develop and maintain a company's podcast series", Podcast Production, Content Marketing
74, "Perform load testing and performance optimization", Load Testing, Performance Testing
75, "Design and develop blockchain applications", Blockchain Development, Blockchain
76, "Build and maintain a company's YouTube channel", YouTube Channel Management, Video Marketing
77, "Configure and manage remote desktop services (RDS)", Remote Desktop Services, Remote Access
78, "Develop and maintain a data warehouse for big data", Big Data Warehouse, Big Data
79, "Analyze and optimize mobile app user engagement", User Engagement Optimization, Mobile Apps
80, "Design and develop 3D modeling and rendering applications", 3D Modeling, 3D Design
81, "Build and maintain a company's Pinterest presence", Pinterest Management, Social Media
82, "Configure and manage software-defined storage (SDS)", SDS, Storage Virtualization
83, "Develop and maintain a company's online community forum", Community Forum, Online Community
84, "Perform security code reviews and vulnerability assessments", Code Security Review, Security
85, "Design and develop computer vision applications", Computer Vision, Computer Vision Development
86, "Build and maintain a company's TikTok presence", TikTok Management, Social Media
87, "Configure and manage software-defined infrastructure (SDI)", SDI, Infrastructure Management
88, "Develop and maintain a company's Twitch channel", Twitch Channel Management, Video Streaming
89, "Analyze and optimize user experience (UX) design", UX Design Optimization, UI/UX Design
90, "Develop and maintain a company's Snapchat presence", Snapchat Management, Social Media
91, "Configure and manage identity governance and administration (IGA)", IGA, Identity Management
92, "Design and develop IoT applications", IoT Development, Internet of Things
93, "Build and maintain a company's LinkedIn presence", LinkedIn Management, Social Media
94, "Configure and manage software-defined data center (SDDC)", SDDC, Data Center
95, "Develop and maintain a company's Reddit presence", Reddit Management, Social Media
96, "Perform system and network security assessments", Security Assessments, Security Analysis
97, "Design and develop quantum computing applications", Quantum Computing, Quantum Computing
98, "Build and maintain a company's Instagram presence", Instagram Management, Social Media
99, "Configure and manage robotic process automation (RPA)", RPA, Process Automation
100, "Develop and maintain a company's Twitter presence", Twitter Management, Social Media
101, "Configure and manage software-defined WAN (SD-WAN)", SD-WAN, Network Management
102, "Analyze and optimize server and infrastructure performance", Infrastructure Optimization, Performance Tuning
103, "Design and develop AI-powered chatbots", AI Chatbots, Chatbot Development
104, "Build and maintain a company's Facebook presence", Facebook Management, Social Media
105, "Configure and manage software-defined security (SD-Security)", SD-Security, Security Management
106, "Develop and maintain a company's Discord server", Discord Server Management, Community Management
107, "Perform penetration testing and ethical hacking", Penetration Testing, Ethical Hacking
108, "Design and develop voice-activated applications", Voice Apps, Voice Technology
109, "Build and maintain a company's YouTube livestreams", YouTube Livestream Management, Video Streaming
110, "Configure and manage software-defined infrastructure as code (IaC)", IaC, Infrastructure as Code
111, "Develop and maintain a company's Clubhouse presence", Clubhouse Management, Audio Networking
112, "Analyze and optimize cloud computing costs", Cost Optimization, Cloud Management
113, "Design and develop AR/VR gaming experiences", AR/VR Gaming, Gaming Development
114, "Build and maintain a company's Quora presence", Quora Management, Social Media
115, "Configure and manage software-defined edge computing", Edge Computing, Edge Technology
116, "Develop and maintain a company's SoundCloud channel", SoundCloud Management, Audio Streaming
117, "Perform AI and machine learning model development", AI/ML Development, AI/ML
118, "Design and develop 5G applications", 5G Development, 5G Technology
119, "Build and maintain a company's Medium blog", Medium Blog Management, Content Marketing
120, "Configure and manage software-defined storage arrays", Storage Arrays, Storage Management
121, "Develop and maintain a company's Pinterest Shop", Pinterest Shop Management, E-commerce
122, "Analyze and optimize mobile app monetization", Monetization Optimization, Mobile Apps
123, "Design and develop cloud-native applications", Cloud-Native Development, Cloud Computing
124, "Build and maintain a company's TikTok challenges", TikTok Challenges Management, Social Media
125, "Configure and manage software-defined 5G networks", 5G Networks, Network Management
126, "Develop and maintain a company's LinkedIn Showcase Page", LinkedIn Showcase Page Management, Social Media
127, "Perform cybersecurity risk assessments and compliance", Cybersecurity Risk Assessment, Compliance
128, "Design and develop quantum machine learning models", Quantum Machine Learning, Quantum Computing
129, "Build and maintain a company's Instagram Stories", Instagram Stories Management, Social Media
130, "Configure and manage software-defined supply chain systems", Supply Chain Systems, Supply Chain Management
131, "At least 5 years of experience in teaching", Teaching, Lecturer
132, "Managed curriculum development and course planning for educational institution", Curriculum Development, Educational Administration
133, "Conducted research in educational psychology", Research, Educational Psychology
134, "Designed and delivered lectures and workshops", Instruction, Training and Development
135, "Developed and implemented educational programs", Program Development, Educational Leadership
136, "Collaborated with educators to enhance teaching methods", Collaboration, Education Management
137, "Facilitated educational conferences and seminars", Event Coordination, Academic Events
138, "Conducted assessments and evaluations of student performance", Assessment, Student Evaluation
139, "Designed and administered educational assessments", Test Design, Educational Assessment
140, "Managed and led a team of educators", Team Leadership, Education Management
141, "Created educational content and materials", Content Creation, Educational Content
142, "Led professional development workshops for teachers", Professional Development, Teacher Training
143, "Worked with diverse student populations", Multicultural Education, Student Diversity
144, "Provided guidance and mentorship to students", Mentorship, Student Support
145, "Developed and maintained a positive learning environment", Classroom Management, Learning Environment
146, "Conducted research on effective teaching practices", Research, Pedagogical Studies
147, "Organized and managed educational events and competitions", Event Planning, Educational Competitions
148, "Utilized technology in teaching and learning", EdTech Integration, Technology in Education
149, "Collaborated with parents and guardians", Parent-Teacher Communication, Family Engagement
150, "Contributed to educational policy development", Policy Advocacy, Educational Policy
151, "Developed and delivered distance learning courses", Online Education, E-Learning
152, "Taught specialized subjects such as foreign languages", Subject Specialization, Language Education
153, "Designed and implemented individualized learning plans", Differentiated Instruction, Personalized Learning
154, "Organized and participated in community outreach programs", Community Engagement, Public Outreach
155, "Conducted educational research for continuous improvement", Educational Research, Improvement Strategies
156, "Managed student records and assessments", Data Management, Student Records
157, "Implemented classroom technology and digital resources", Technology Integration, Digital Learning
158, "Supported students with learning disabilities", Special Education, Inclusive Teaching
159, "Collaborated with school leadership on policy implementation", Policy Implementation, School Administration
160, "Managed school libraries and resources", Library Management, Educational Resources
161, "Designed and implemented student mentorship programs", Student Mentorship, Student Guidance
162, "Conducted workshops on student well-being and mental health", Student Well-Being, Mental Health Support
163, "Created and maintained educational blogs and websites", Online Presence, Educational Web Content
164, "Collaborated with local industries for student internships", Industry Partnerships, Internship Programs
165, "Organized and facilitated parent-teacher association meetings", PTA Meetings, Family Engagement
166, "Developed interdisciplinary teaching approaches", Interdisciplinary Education, Cross-Curricular Teaching
167, "Implemented project-based learning in the curriculum", Project-Based Learning, Experiential Education
168, "Conducted cultural and diversity sensitivity training", Cultural Sensitivity, Diversity Education
169, "Managed after-school and extracurricular programs", Extracurricular Activities, Enrichment Programs
170, "Coordinated school field trips and educational outings", Educational Outings, Field Trip Coordination
171, "Designed and implemented character education programs", Character Education, Values Development
172, "Collaborated with educational researchers for data analysis", Data Analysis, Research Collaboration
173, "Organized and led student government activities", Student Government, Leadership Development
174, "Taught adult education and lifelong learning classes", Adult Education, Lifelong Learning
175, "Supported teacher development through mentorship", Teacher Mentorship, Professional Growth
176, "Conducted professional development for educators", Professional Development, Teacher Training
177, "Managed educational grant applications and funding", Grant Writing, Funding Management
178, "Implemented STEM education initiatives", STEM Education, Science and Technology
179, "Supported at-risk students and intervention programs", At-Risk Student Support, Intervention Strategies
180, "Designed and managed learning resource centers", Learning Resource Centers, Educational Facilities
181, "Organized and led educational field trips", Educational Field Trips, Student Enrichment
182, "Conducted special education assessments", Special Education Assessment, Student Support
183, "Managed student clubs and extracurricular activities", Student Clubs, Extracurricular Leadership
184, "Taught vocational and career readiness courses", Career Education, Vocational Training
185, "Supported English language learners", English Language Learner Support, ESL Education
186, "Collaborated with community organizations for educational initiatives", Community Collaboration, Community Engagement
187, "Organized and led teacher training workshops", Teacher Workshops, Professional Development
188, "Developed and delivered cultural sensitivity training", Cultural Sensitivity, Diversity Education
189, "Conducted educational research and program evaluation", Program Evaluation, Educational Research
190, "Managed school fundraising campaigns", Fundraising, School Finance
191, "Implemented environmental and sustainability education", Sustainability Education, Environmental Awareness
192, "Supported student clubs and organizations", Student Organizations, Student Leadership
193, "Designed and implemented teacher recognition programs", Teacher Recognition, Educator Appreciation
194, "Organized and facilitated school assemblies and events", School Assemblies, Event Planning
195, "Conducted character education workshops", Character Education, Values Development
196, "Managed school discipline and behavior programs", Behavior Management, Student Discipline
197, "Taught outdoor and environmental education", Outdoor Education, Environmental Awareness
198, "Supported peer mentoring programs", Peer Mentoring, Student Support
199, "Collaborated with educational partners for community outreach", Community Outreach, Public Engagement
200, "Organized and led parent education workshops", Parent Education, Family Support
201, "Developed and delivered STEM education programs", STEM Education, Science and Technology
202, "Managed school safety and security initiatives", Safety Management, School Security
203, "Taught music and performing arts", Music Education, Performing Arts
204, "Collaborated with special education teams", Special Education Collaboration, Inclusive Teaching
205, "Facilitated outdoor adventure and team-building activities", Outdoor Leadership, Team Building
206, "Conducted workshops on financial literacy", Financial Literacy, Education
207, "Managed school sports and athletics programs", Sports Management, Athletics
208, "Supported student leadership and clubs", Student Leadership, Club Management
209, "Developed and delivered health and wellness programs", Health Education, Wellness
210, "Collaborated with local artists for creative projects", Art Collaboration, Creative Arts
211, "Organized and managed community service initiatives", Community Service, Public Engagement
212, "Taught environmental and conservation education", Environmental Education, Conservation
213, "Conducted workshops on conflict resolution", Conflict Resolution, Mediation
214, "Managed school libraries and reading programs", Library Management, Literacy
215, "Supported student career and college readiness", Career Readiness, College Preparation
216, "Developed and delivered parent education seminars", Parent Education, Family Support
217, "Organized and led school spirit and pep events", School Spirit, Pep Rallies
218, "Taught physical education and sports training", Physical Education, Sports Coaching
219, "Facilitated outdoor environmental education programs", Environmental Education, Outdoor Learning
220, "Conducted workshops on mindfulness and well-being", Mindfulness, Mental Health
221, "Managed school counseling and guidance services", Counseling Services, Student Support
222, "Collaborated with community partners for cultural exchange", Cultural Exchange, Community Engagement
223, "Developed and delivered entrepreneurship education", Entrepreneurship Education, Business
224, "Organized and led school fundraising campaigns", Fundraising, School Finance
225, "Taught leadership and character development", Leadership Education, Character Building
226, "Supported student debate and public speaking clubs", Debate and Public Speaking, Communication Skills
227, "Conducted workshops on technology integration", EdTech Workshops, Educational Technology
228, "Managed school garden and environmental projects", School Gardens, Environmental Initiatives
229, "Taught home economics and life skills", Home Economics, Life Skills
230, "Facilitated drama and theater arts education", Drama Education, Theater Arts
231, "Collaborated with local businesses for student internships", Business Partnerships, Internship Programs
232, "Developed and delivered coding and computer science programs", Coding Education, Computer Science
233, "Organized and led school health and safety programs", Health and Safety, School Wellness
234, "Taught culinary arts and culinary skills", Culinary Arts, Cooking Skills
235, "Supported student journalism and media production", Journalism and Media, Media Production
236, "Conducted workshops on leadership and team-building", Leadership Workshops, Team Development
237, "Managed school extracurricular and clubs programs", Extracurricular Programs, Club Management
238, "Collaborated with local government for educational initiatives", Government Collaboration, Civic Engagement
239, "Developed and delivered robotics and STEM programs", Robotics Education, STEM Learning
240, "Organized and led school community and volunteer projects", Community Projects, Volunteer Engagement
241, "Taught woodworking and craftsmanship skills", Woodworking, Craftsmanship
242, "Facilitated debate and public speaking competitions", Speech and Debate, Competition Hosting
243, "Conducted workshops on creative writing and literature", Creative Writing, Literature Education
244, "Managed school music and choir programs", Music Programs, Choir Management
245, "Supported student art exhibitions and showcases", Art Exhibitions, Student Showcases
246, "Developed and delivered financial literacy programs", Financial Education, Financial Skills
247, "Organized and led school science and STEM fairs", Science Fairs, STEM Expos
248, "Taught environmental sustainability and conservation", Sustainability Education, Conservation Awareness
249, "Collaborated with local museums for educational visits", Museum Collaboration, Educational Trips
250, "Facilitated drama and theater productions", Drama Productions, Theater Arts
251, "Conducted workshops on mindfulness and well-being", Mindfulness, Mental Health Support
252, "Managed school counseling and guidance services", Counseling Services, Student Support
253, "Supported student debate and public speaking clubs", Debate and Public Speaking, Communication Skills
254, "Developed and delivered coding and computer science programs", Coding Education, Computer Science
255, "Organized and led school garden and environmental projects", School Gardens, Environmental Initiatives
256, "Taught home economics and life skills", Home Economics, Life Skills
257, "Collaborated with local businesses for student internships", Business Partnerships, Internship Programs
258, "Facilitated drama and theater arts education", Drama Education, Theater Arts
259, "Conducted workshops on leadership and team-building", Leadership Workshops, Team Development
260, "Managed school extracurricular and clubs programs", Extracurricular Programs, Club Management
261, "Collaborated with local government for educational initiatives", Government Collaboration, Civic Engagement
262, "Developed and delivered robotics and STEM programs", Robotics Education, STEM Learning
263, "Organized and led school community and volunteer projects", Community Projects, Volunteer Engagement
264, "Taught woodworking and craftsmanship skills", Woodworking, Craftsmanship
265, "Facilitated debate and public speaking competitions", Speech and Debate, Competition Hosting
266, "Conducted workshops on creative writing and literature", Creative Writing, Literature Education
267, "Managed school music and choir programs", Music Programs, Choir Management
268, "Supported student art exhibitions and showcases", Art Exhibitions, Student Showcases
269, "Developed and delivered financial literacy programs", Financial Education, Financial Skills
270, "Organized and led school science and STEM fairs", Science Fairs, STEM Expos
271, "Taught environmental sustainability and conservation", Sustainability Education, Conservation Awareness
272, "Collaborated with local museums for educational visits", Museum Collaboration, Educational Trips
273, "Facilitated drama and theater productions", Drama Productions, Theater Arts
274, "Managed school counseling and guidance services", Counseling Services, Student Support
275, "Supported student debate and public speaking clubs", Debate and Public Speaking, Communication Skills
276, "Developed and delivered coding and computer science programs", Coding Education, Computer Science
277, "Organized and led school garden and environmental projects", School Gardens, Environmental Initiatives
278, "Taught home economics and life skills", Home Economics, Life Skills
279, "Collaborated with local businesses for student internships", Business Partnerships, Internship Programs
280, "Facilitated drama and theater arts education", Drama Education, Theater Arts
281, "Conducted workshops on leadership and team-building", Leadership Workshops, Team Development
282, "Managed school extracurricular and clubs programs", Extracurricular Programs, Club Management
283, "Collaborated with local government for educational initiatives", Government Collaboration, Civic Engagement
284, "Developed and delivered robotics and STEM programs", Robotics Education, STEM Learning
285, "Organized and led school community and volunteer projects", Community Projects, Volunteer Engagement
286, "Taught woodworking and craftsmanship skills", Woodworking, Craftsmanship
287, "Facilitated debate and public speaking competitions", Speech and Debate, Competition Hosting
288, "Conducted workshops on creative writing and literature", Creative Writing, Literature Education
289, "Managed school music and choir programs", Music Programs, Choir Management
290, "Supported student art exhibitions and showcases", Art Exhibitions, Student Showcases
291, "Developed and delivered financial literacy programs", Financial Education, Financial Skills
292, "Organized and led school science and STEM fairs", Science Fairs, STEM Expos
293, "Taught environmental sustainability and conservation", Sustainability Education, Conservation Awareness
294, "Collaborated with local museums for educational visits", Museum Collaboration, Educational Trips
295, "Facilitated drama and theater productions", Drama Productions, Theater Arts
296, "Conducted workshops on mindfulness and well-being", Mindfulness, Mental Health Support
297, "Managed school counseling and guidance services", Counseling Services, Student Support
298, "Supported student debate and public speaking clubs", Debate and Public Speaking, Communication Skills
299, "Developed and delivered coding and computer science programs", Coding Education, Computer Science
300, "Organized and led school garden and environmental projects", School Gardens, Environmental Initiatives
301, "Developed and maintained web applications using HTML CSS and JavaScript", Web Development, IT
302, "Designed and implemented database systems for data management", Database Design, IT
303, "Developed software solutions using Python and Java", Software Development, IT
304, "Managed network infrastructure and security", Network Management, IT
305, "Provided technical support and troubleshooting for end-users", Technical Support, IT
306, "Developed mobile applications for iOS and Android", Mobile App Development, IT
307, "Designed and implemented machine learning algorithms", Machine Learning, IT
308, "Managed cloud computing resources and services", Cloud Computing, IT
309, "Developed and maintained e-commerce platforms", E-Commerce Development, IT
310, "Collaborated with cross-functional IT teams for project delivery", Team Collaboration, IT
311, "Implemented DevOps practices for continuous integration and delivery", DevOps, IT
312, "Designed and developed responsive and user-friendly UI/UX", UI/UX Design, IT
313, "Managed data analytics and reporting tools", Data Analytics, IT
314, "Developed cybersecurity strategies and protocols", Cybersecurity, IT
315, "Provided IT training and professional development", IT Training, IT
316, "Developed and managed IT infrastructure and server farms", IT Infrastructure, IT
317, "Designed and implemented blockchain solutions", Blockchain Development, IT
318, "Managed software and hardware procurement and maintenance", Procurement, IT
319, "Developed and maintained financial and accounting software", Financial Software, IT
320, "Collaborated with clients to gather project requirements", Requirements Gathering, IT
321, "Implemented data warehousing and big data solutions", Big Data, IT
322, "Designed and maintained data visualization dashboards", Data Visualization, IT
323, "Developed and deployed IoT solutions", IoT Development, IT
324, "Managed IT vendor relationships and contracts", Vendor Management, IT
325, "Provided IT consulting and strategic planning", IT Consulting, IT
326, "Designed and implemented software quality assurance", QA Testing, IT
327, "Developed and maintained educational technology solutions", EdTech Development, IT
328, "Collaborated with educational institutions for IT integration", Education Technology, IT
329, "Implemented IT disaster recovery and business continuity", Disaster Recovery, IT
330, "Managed IT project portfolios and budgets", Project Management, IT
331, "Designed and maintained data center facilities", Data Centers, IT
332, "Developed and maintained content management systems", CMS Development, IT
333, "Collaborated with content creators and digital marketing teams", Digital Marketing, IT
334, "Provided IT solutions for healthcare and medical applications", Healthcare IT, IT
335, "Managed IT compliance and regulatory requirements", Compliance Management, IT
336, "Designed and implemented geospatial and GIS solutions", GIS, IT
337, "Developed and maintained e-learning platforms and LMS", E-Learning, IT
338, "Collaborated with e-commerce businesses for digital solutions", E-Commerce, IT
339, "Implemented IT solutions for logistics and supply chain", Logistics IT, IT
340, "Managed IT support for government and public services", Government IT, IT
341, "Provided IT solutions for financial institutions and banking", Banking IT, IT
342, "Designed and maintained social media and networking platforms", Social Media, IT
343, "Developed and maintained virtual reality and augmented reality applications", VR/AR, IT
344, "Collaborated with gaming industry for game development and design", Game Development, IT
345, "Implemented IT solutions for real estate and property management", Real Estate IT, IT
346, "Managed IT support for legal and law enforcement", Legal IT, IT
347, "Provided IT solutions for energy and utilities", Energy IT, IT
348, "Designed and implemented agricultural technology solutions", AgTech, IT
349, "Developed and maintained automotive and transportation software", Automotive IT, IT
350, "Collaborated with aerospace industry for software development", Aerospace IT, IT
351, "Implemented IT solutions for manufacturing and industry", Manufacturing IT, IT
352, "Managed IT support for telecommunications and networking", Telecom IT, IT
353, "Provided IT solutions for environmental and sustainability", Environmental IT, IT
354, "Designed and implemented AI and robotics applications", AI and Robotics, IT
355, "Developed and maintained virtual private networks (VPNs)", VPNs, IT
356, "Collaborated with data science teams for analytics and insights", Data Science, IT
357, "Implemented IT solutions for entertainment and media", Entertainment IT, IT
358, "Managed IT support for hospitality and tourism", Hospitality IT, IT
359, "Provided IT solutions for non-profit and philanthropic organizations", Non-Profit IT, IT
360, "Designed and implemented legal tech and e-discovery solutions", Legal Tech, IT
361, "Developed and maintained educational technology solutions", EdTech Development, IT
362, "Collaborated with educational institutions for IT integration", Education Technology, IT
363, "Implemented IT disaster recovery and business continuity", Disaster Recovery, IT
364, "Managed IT project portfolios and budgets", Project Management, IT
365, "Designed and maintained data center facilities", Data Centers, IT
366, "Developed and maintained content management systems", CMS Development, IT
367, "Collaborated with content creators and digital marketing teams", Digital Marketing, IT
368, "Provided IT solutions for healthcare and medical applications", Healthcare IT, IT
369, "Managed IT compliance and regulatory requirements", Compliance Management, IT
370, "Designed and implemented geospatial and GIS solutions", GIS, IT
371, "Developed and maintained e-learning platforms and LMS", E-Learning, IT
372, "Collaborated with e-commerce businesses for digital solutions", E-Commerce, IT
373, "Implemented IT solutions for logistics and supply chain", Logistics IT, IT
374, "Managed IT support for government and public services", Government IT, IT
375, "Provided IT solutions for financial institutions and banking", Banking IT, IT
376, "Designed and maintained social media and networking platforms", Social Media, IT
377, "Developed and maintained virtual reality and augmented reality applications", VR/AR, IT
378, "Collaborated with gaming industry for game development and design", Game Development, IT
379, "Implemented IT solutions for real estate and property management", Real Estate IT, IT
380, "Managed IT support for legal and law enforcement", Legal IT, IT
381, "Provided IT solutions for energy and utilities", Energy IT, IT
382, "Designed and implemented agricultural technology solutions", AgTech, IT
383, "Developed and maintained automotive and transportation software", Automotive IT, IT
384, "Collaborated with aerospace industry for software development", Aerospace IT, IT
385, "Implemented IT solutions for manufacturing and industry", Manufacturing IT, IT
386, "Managed IT support for telecommunications and networking", Telecom IT, IT
387, "Provided IT solutions for environmental and sustainability", Environmental IT, IT
388, "Designed and implemented AI and robotics applications", AI and Robotics, IT
389, "Developed and maintained virtual private networks (VPNs)", VPNs, IT
390, "Collaborated with data science teams for analytics and insights", Data Science, IT
391, "Implemented IT solutions for entertainment and media", Entertainment IT, IT
392, "Managed IT support for hospitality and tourism", Hospitality IT, IT
393, "Provided IT solutions for non-profit and philanthropic organizations", Non-Profit IT, IT
394, "Designed and implemented legal tech and e-discovery solutions", Legal Tech, IT
395, "Developed and maintained educational technology solutions", EdTech Development, IT
396, "Collaborated with educational institutions for IT integration", Education Technology, IT
397, "Implemented IT disaster recovery and business continuity", Disaster Recovery, IT
398, "Managed IT project portfolios and budgets", Project Management, IT
399, "Designed and maintained data center facilities", Data Centers, IT
400, "Developed and maintained content management systems", CMS Development, IT
401, "Collaborated with content creators and digital marketing teams", Digital Marketing, IT
402, "Provided IT solutions for healthcare and medical applications", Healthcare IT, IT
403, "Managed IT compliance and regulatory requirements", Compliance Management, IT
404, "Designed and implemented geospatial and GIS solutions", GIS, IT
405, "Developed and maintained e-learning platforms and LMS", E-Learning, IT
406, "Collaborated with e-commerce businesses for digital solutions", E-Commerce, IT
407, "Implemented IT solutions for logistics and supply chain", Logistics IT, IT
408, "Managed IT support for government and public services", Government IT, IT
409, "Provided IT solutions for financial institutions and banking", Banking IT, IT
410, "Designed and maintained social media and networking platforms", Social Media, IT
411, "Developed and maintained virtual reality and augmented reality applications", VR/AR, IT
412, "Collaborated with gaming industry for game development and design", Game Development, IT
413, "Implemented IT solutions for real estate and property management", Real Estate IT, IT
414, "Managed IT support for legal and law enforcement", Legal IT, IT
415, "Provided IT solutions for energy and utilities", Energy IT, IT
416, "Designed and implemented agricultural technology solutions", AgTech, IT
417, "Developed and maintained automotive and transportation software", Automotive IT, IT
418, "Collaborated with aerospace industry for software development", Aerospace IT, IT
419, "Implemented IT solutions for manufacturing and industry", Manufacturing IT, IT
420, "Managed IT support for telecommunications and networking", Telecom IT, IT
421, "Provided IT solutions for environmental and sustainability", Environmental IT, IT
422, "Designed and implemented AI and robotics applications", AI and Robotics, IT
423, "Developed and maintained virtual private networks (VPNs)", VPNs, IT
424, "Collaborated with data science teams for analytics and insights", Data Science, IT
425, "Implemented IT solutions for entertainment and media", Entertainment IT, IT
426, "Managed IT support for hospitality and tourism", Hospitality IT, IT
427, "Provided IT solutions for non-profit and philanthropic organizations", Non-Profit IT, IT
428, "Designed and implemented legal tech and e-discovery solutions", Legal Tech, IT
429, "Developed and maintained educational technology solutions", EdTech Development, IT
430, "Collaborated with educational institutions for IT integration", Education Technology, IT
431, "Implemented IT disaster recovery and business continuity", Disaster Recovery, IT
432, "Managed IT project portfolios and budgets", Project Management, IT
433, "Designed and maintained data center facilities", Data Centers, IT
434, "Developed and maintained content management systems", CMS Development, IT
435, "Collaborated with content creators and digital marketing teams", Digital Marketing, IT
436, "Provided IT solutions for healthcare and medical applications", Healthcare IT, IT
437, "Managed IT compliance and regulatory requirements", Compliance Management, IT
438, "Designed and implemented geospatial and GIS solutions", GIS, IT
439, "Developed and maintained e-learning platforms and LMS", E-Learning, IT
440, "Collaborated with e-commerce businesses for digital solutions", E-Commerce, IT
441, "Implemented IT solutions for logistics and supply chain", Logistics IT, IT
442, "Managed IT support for government and public services", Government IT, IT
443, "Provided IT solutions for financial institutions and banking", Banking IT, IT
444, "Designed and maintained social media and networking platforms", Social Media, IT
445, "Developed and maintained virtual reality and augmented reality applications", VR/AR, IT
446, "Collaborated with gaming industry for game development and design", Game Development, IT
447, "Implemented IT solutions for real estate and property management", Real Estate IT, IT
448, "Managed IT support for legal and law enforcement", Legal IT, IT
449, "Provided IT solutions for energy and utilities", Energy IT, IT
450, "Designed and implemented agricultural technology solutions", AgTech, IT
451, "Developed and maintained automotive and transportation software", Automotive IT, IT
452, "Collaborated with aerospace industry for software development", Aerospace IT, IT
453, "Implemented IT solutions for manufacturing and industry", Manufacturing IT, IT
454, "Managed IT support for telecommunications and networking", Telecom IT, IT
455, "Provided IT solutions for environmental and sustainability", Environmental IT, IT
456, "Designed and implemented AI and robotics applications", AI and Robotics, IT
457, "Developed and maintained virtual private networks (VPNs)", VPNs, IT
458, "Collaborated with data science teams for analytics and insights", Data Science, IT
459, "Implemented IT solutions for entertainment and media", Entertainment IT, IT
460, "Managed IT support for hospitality and tourism", Hospitality IT, IT
461, "Provided IT solutions for non-profit and philanthropic organizations", Non-Profit IT, IT
462, "Designed and implemented legal tech and e-discovery solutions", Legal Tech, IT
463, "Developed and maintained educational technology solutions", EdTech Development, IT
464, "Collaborated with educational institutions for IT integration", Education Technology, IT
465, "Implemented IT disaster recovery and business continuity", Disaster Recovery, IT
466, "Managed IT project portfolios and budgets", Project Management, IT
467, "Designed and maintained data center facilities", Data Centers, IT
468, "Developed and maintained content management systems", CMS Development, IT
469, "Collaborated with content creators and digital marketing teams", Digital Marketing, IT
470, "Provided IT solutions for healthcare and medical applications", Healthcare IT, IT
471, "Managed electronic health record systems", EHR Management, Health IT
472, "Conducted research in medical informatics", Medical Informatics Research, Healthcare Technology
473, "Designed and implemented health informatics solutions", Informatics Solutions, Healthcare IT
474, "Developed and delivered health information systems courses", Health IT Education, Medical Informatics
475, "Collaborated with healthcare professionals on technology adoption", Technology Adoption, Healthcare Integration
476, "Facilitated health IT workshops for healthcare staff", Health IT Workshops, Training and Development
477, "Managed health data and privacy compliance", Data Compliance, Health Data Protection
478, "Supported telemedicine and remote patient monitoring", Telemedicine, Remote Healthcare
479, "Designed and developed electronic health record systems", EHR Development, Health IT
480, "Organized and led healthcare technology implementation projects", Technology Implementation, Healthcare Projects
481, "Taught medical informatics and health data analytics", Informatics Education, Healthcare Analytics
482, "Facilitated clinical decision support system training", Clinical Decision Support, Medical Technology
483, "Conducted workshops on health data security", Data Security Workshops, Healthcare Security
484, "Managed healthcare IT infrastructure and networks", Health IT Infrastructure, Network Management
485, "Collaborated with healthcare providers for technology integration", Healthcare Integration, Technology Collaboration
486, "Developed and maintained software applications for finance", Finance Software Development, Software Engineering
487, "Managed financial software and accounting systems", Financial Software Management, Accounting
488, "Conducted research in financial technology", FinTech Research, Financial Innovation
489, "Designed and implemented financial data analysis solutions", Financial Data Analysis, Data Science
490, "Developed and delivered financial literacy courses", Financial Literacy Education, Finance Education
491, "Collaborated with financial experts on technology adoption", Technology Adoption, Finance Technology
492, "Facilitated finance technology workshops for professionals", FinTech Workshops, Training and Development
493, "Managed financial data and compliance", Financial Compliance, Data Protection
494, "Supported online banking and payment systems", Online Banking, Payment Technology
495, "Designed and developed accounting software solutions", Accounting Software, Software Development
496, "Organized and led financial technology projects", FinTech Projects, Technology Implementation
497, "Taught financial data analysis and risk management", Data Analysis Education, Risk Assessment
498, "Facilitated financial decision support training", Decision Support, Financial Planning
499, "Conducted workshops on financial security", Financial Security Workshops, Security Practices
500, "Managed financial IT infrastructure and networks", Financial IT Infrastructure, Network Management
501, "Collaborated with financial institutions for technology integration", Financial Integration, Technology Collaboration
502, "Developed and maintained software applications for marketing", Marketing Software Development, Software Engineering
503, "Managed marketing automation and CRM systems", Marketing Automation, CRM Management
504, "Conducted research in digital marketing strategies", Digital Marketing Research, Marketing Trends
505, "Designed and implemented marketing data analytics solutions", Marketing Data Analytics, Data Science
506, "Developed and delivered marketing courses", Marketing Education, Digital Marketing
507, "Collaborated with marketing professionals on technology adoption", Technology Adoption, Marketing Technology
508, "Facilitated marketing technology workshops for marketers", Marketing Tech Workshops, Training and Development
509, "Managed marketing data and customer insights", Customer Insights, Data Management
510, "Supported online advertising and social media campaigns", Online Advertising, Social Media Marketing
511, "Designed and developed marketing automation solutions", Marketing Automation, Software Development
512, "Organized and led marketing technology projects", Marketing Tech Projects, Technology Implementation
513, "Taught digital marketing and online brand management", Digital Marketing Education, Brand Strategy
514, "Facilitated marketing analytics and ROI training", Analytics Training, Marketing ROI
515, "Conducted workshops on marketing data security", Data Security Workshops, Marketing Security
516, "Managed marketing technology infrastructure and tools", Marketing IT Infrastructure, Technology Management
517, "Collaborated with marketing agencies for technology integration", Marketing Integration, Agency Collaboration
518, "Developed and maintained software applications for human resources", HR Software Development, Software Engineering
519, "Managed HRIS and talent management systems", HRIS Management, Talent Management
520, "Conducted research in HR technology and workforce analytics", HR Tech Research, Workforce Analytics
521, "Designed and implemented HR data analysis solutions", HR Data Analysis, Data Science
522, "Developed and delivered HR management courses", HR Education, Talent Development
523, "Collaborated with HR professionals on technology adoption", Technology Adoption, HR Technology
524, "Facilitated HR technology workshops for HR professionals", HR Tech Workshops, Training and Development
525, "Managed HR data and compliance", HR Compliance, Data Protection
526, "Supported recruitment and onboarding systems", Recruitment, Onboarding
527, "Designed and developed HR software solutions", HR Software, Software Development
528, "Organized and led HR technology projects", HR Tech Projects, Technology Implementation
529, "Taught HR data analytics and workforce planning", Data Analytics Education, Workforce Strategy
530, "Facilitated HR decision support and talent development", Decision Support, Talent Management
531, "Conducted workshops on HR data security", Data Security Workshops, HR Security
532, "Managed HR technology infrastructure and tools", HR IT Infrastructure, Technology Management
533, "Collaborated with HR consulting firms for technology integration", HR Integration, Consulting Collaboration
534, "Developed and maintained software applications for customer service", Customer Service Software Development, Software Engineering
535, "Managed customer service and helpdesk solutions", Customer Support, Helpdesk Management
536, "Conducted research in customer service technology", Customer Service Tech Research, Service Innovation
537, "Designed and implemented customer service data analysis solutions", Service Data Analysis, Data Science
538, "Developed and delivered customer service training courses", Customer Service Education, Training Programs
539, "Collaborated with customer service teams on technology adoption", Technology Adoption, Service Technology
540, "Facilitated customer service technology workshops for service professionals", Service Tech Workshops, Training and Development
541, "Managed customer service data and quality assurance", Quality Assurance, Data Management
542, "Supported chatbots and AI-driven customer service", Chatbots, AI Customer Support
543, "Designed and developed customer service software solutions", Service Software, Software Development
544, "Organized and led customer service technology projects", Service Tech Projects, Technology Implementation
545, "Taught customer service data analytics and service improvement", Data Analytics Education, Service Excellence
546, "Facilitated service decision support and customer satisfaction", Decision Support, Customer Satisfaction
547, "Conducted workshops on service data security", Data Security Workshops, Service Security
548, "Managed customer service technology infrastructure and tools", Service IT Infrastructure, Technology Management
549, "Collaborated with service management firms for technology integration", Service Integration, Management Collaboration
550, "Developed and maintained software applications for sales", Sales Software Development, Software Engineering
551, "Managed sales CRM and lead management systems", Sales CRM, Lead Management
552, "Conducted research in sales technology and market analysis", Sales Tech Research, Market Insights
553, "Designed and implemented sales data analytics solutions", Sales Data Analytics, Data Science
554, "Developed and delivered sales training courses", Sales Education, Sales Skills
555, "Collaborated with sales teams on technology adoption", Technology Adoption, Sales Technology
556, "Facilitated sales technology workshops for sales professionals", Sales Tech Workshops, Training and Development
557, "Managed sales data and performance metrics", Sales Metrics, Data Management
558, "Supported e-commerce and online sales platforms", E-Commerce, Online Sales
559, "Designed and developed sales software solutions", Sales Software, Software Development
560, "Organized and led sales technology projects", Sales Tech Projects, Technology Implementation
561, "Taught sales data analytics and market strategy", Data Analytics Education, Market Strategy
562, "Facilitated sales decision support and revenue growth", Decision Support, Revenue Enhancement
563, "Conducted workshops on sales data security", Data Security Workshops, Sales Security
564, "Managed sales technology infrastructure and tools", Sales IT Infrastructure, Technology Management
565, "Collaborated with sales and marketing agencies for technology integration", Sales Integration, Marketing Collaboration
566, "Developed and maintained software applications for logistics", Logistics Software Development, Software Engineering
567, "Managed supply chain and transportation management systems", Supply Chain Management, Transportation Management
568, "Conducted research in logistics technology and efficiency", Logistics Tech Research, Efficiency Enhancement
569, "Designed and implemented logistics data analysis solutions", Logistics Data Analysis, Data Science
570, "Developed and delivered logistics training courses", Logistics Education, Supply Chain Education
571, "Collaborated with logistics teams on technology adoption", Technology Adoption, Logistics Technology
572, "Facilitated logistics technology workshops for professionals", Logistics Tech Workshops, Training and Development
573, "Managed logistics data and inventory control", Inventory Control, Data Management
574, "Supported warehouse automation and inventory optimization", Warehouse Automation, Inventory Management
575, "Designed and developed logistics software solutions", Logistics Software, Software Development
576, "Organized and led logistics technology projects", Logistics Tech Projects, Technology Implementation
577, "Taught logistics data analytics and supply chain strategy", Data Analytics Education, Supply Chain Strategy
578, "Facilitated logistics decision support and cost reduction", Decision Support, Cost Optimization
579, "Conducted workshops on logistics data security", Data Security Workshops, Logistics Security
580, "Managed logistics technology infrastructure and tools", Logistics IT Infrastructure, Technology Management
581, "Collaborated with logistics companies for technology integration", Logistics Integration, Industry Collaboration
582, "Developed and maintained software applications for real estate", Real Estate Software Development, Software Engineering
583, "Managed property management and real estate software", Property Management, Real Estate Solutions
584, "Conducted research in real estate technology and market analysis", Real Estate Tech Research, Market Insights
585, "Designed and implemented real estate data analytics solutions", Real Estate Data Analytics, Data Science
586, "Developed and delivered real estate training courses", Real Estate Education, Property Management Education
587, "Collaborated with real estate teams on technology adoption", Technology Adoption, Real Estate Technology
588, "Facilitated real estate technology workshops for professionals", Real Estate Tech Workshops, Training and Development
589, "Managed real estate data and property listings", Property Listings, Data Management
590, "Supported online property sales and virtual tours", Online Property Sales, Virtual Real Estate
591, "Designed and developed real estate software solutions", Real Estate Software, Software Development
592, "Organized and led real estate technology projects", Real Estate Tech Projects, Technology Implementation
593, "Taught real estate data analytics and property valuation", Data Analytics Education, Property Valuation
594, "Facilitated real estate decision support and investment strategy", Decision Support, Real Estate Investment
595, "Conducted workshops on real estate data security", Data Security Workshops, Real Estate Security
596, "Managed real estate technology infrastructure and tools", Real Estate IT Infrastructure, Technology Management
597, "Collaborated with real estate agencies for technology integration", Real Estate Integration, Agency Collaboration
598, "Developed and maintained software applications for hospitality", Hospitality Software Development, Software Engineering
599, "Managed hotel and resort management software", Hotel Management, Resort Software
600, "Conducted research in hospitality technology and guest experience", Hospitality Tech Research, Guest Satisfaction
601, "Designed and implemented hospitality data analysis solutions", Hospitality Data Analysis, Data Science
602, "Developed and delivered hospitality training courses", Hospitality Education, Guest Services Education
603, "Collaborated with hospitality teams on technology adoption", Technology Adoption, Hospitality Technology
604, "Facilitated hospitality technology workshops for professionals", Hospitality Tech Workshops, Training and Development
605, "Managed hospitality data and guest feedback", Guest Feedback, Data Management
606, "Supported online hotel bookings and reservation systems", Online Bookings, Reservations
607, "Designed and developed hospitality software solutions", Hospitality Software, Software Development
608, "Organized and led hospitality technology projects", Hospitality Tech Projects, Technology Implementation
609, "Taught hospitality data analytics and customer service", Data Analytics Education, Customer Service Excellence
610, "Facilitated hospitality decision support and revenue optimization", Decision Support, Revenue Enhancement
611, "Conducted workshops on hospitality data security", Data Security Workshops, Hospitality Security
612, "Managed hospitality technology infrastructure and tools", Hospitality IT Infrastructure, Technology Management
613, "Develop and maintain a weather forecasting system", Meteorology, Weather Science
614, "Analyze and optimize supply chain logistics for an e-commerce platform", Supply Chain Optimization, E-commerce
615, "Design and develop a mobile health app for patient monitoring", Mobile Health, Healthcare
616, "Create and optimize 3D printing processes for manufacturing", 3D Printing, Manufacturing
617, "Build and manage renewable energy power plants", Power Plant Management, Energy
618, "Implement and manage a CRM system for a sales team", CRM Management, Sales
619, "Develop and maintain an e-government platform for citizen services", E-Government, Public Services
620, "Design and create virtual museum tours using augmented reality", AR Museum Tours, Art and Culture
621, "Analyze and develop AI algorithms for natural language processing", NLP Algorithms, AI
622, "Develop and manage a wildlife conservation database", Conservation Data Management, Environmental Science
623, "Perform security audits and penetration testing for a financial institution", Security Auditing, Finance
624, "Build and maintain a smart city IoT infrastructure", Smart City Infrastructure, IoT
625, "Design and develop a blockchain-based voting system", Blockchain Voting, Democracy
626, "Create and optimize content for a fashion e-commerce site", Fashion Content, E-commerce
627, "Develop and maintain a cloud-based video streaming platform", Video Streaming, Media
628, "Analyze and optimize a manufacturing process for a pharmaceutical company", Process Optimization, Pharmaceutical
629, "Build and manage a smart grid for an energy company", Smart Grid Management, Energy
630, "Implement and maintain an online learning management system", Learning Management, Education
631, "Design and create interactive exhibits for a science museum", Museum Exhibit Design, Science Education
632, "Develop and manage a mobile banking app for a financial institution", Mobile Banking, Finance
633, "Perform data analysis and visualization for climate change research", Climate Data Analysis, Environmental Science
634, "Analyze and develop machine learning algorithms for medical image analysis", Medical Image Analysis, Healthcare
635, "Design and develop a language translation app with speech recognition", Translation App, Language Technology
636, "Build and maintain a cryptocurrency trading platform", Cryptocurrency Trading, Finance
637, "Implement and manage a fleet tracking system for a logistics company", Fleet Tracking, Logistics
638, "Develop and maintain a chatbot for a customer support center", Chatbot Development, Customer Service
639, "Create and optimize content for a travel and tourism website", Travel Content, Tourism
640, "Analyze and optimize network infrastructure for a telecommunications company", Network Infrastructure Optimization, Telecommunications
641, "Design and develop a mobile app for mental health support", Mental Health App, Healthcare
642, "Develop and manage an e-commerce platform for handmade crafts", Handmade Crafts, E-commerce
643, "Build and maintain a game server for an online gaming community", Game Server Management, Gaming
644, "Implement and manage a loyalty program for a retail chain", Loyalty Program Management, Retail
645, "Analyze and optimize user interface for a fitness app", Fitness App UI, Health and Fitness
646, "Design and create virtual reality training simulations for the military", VR Training Simulations, Defense
647, "Develop and maintain a social networking platform for a niche community", Social Networking, Community Building
648, "Perform system and network security assessments for a technology company", Security Assessments, Cybersecurity
649, "Create and optimize content for a food and recipe blog", Food Blog Content, Food and Cooking
650, "Analyze and develop AI algorithms for autonomous drones", Drone AI, Aerospace
651, "Design and develop an augmented reality shopping app", AR Shopping App, E-commerce
652, "Develop and manage a real-time stock market data platform", Stock Market Data, Finance
653, "Build and maintain a fleet of autonomous delivery robots", Delivery Robotics, Logistics
654, "Implement and manage a customer relationship platform for a healthcare provider", Healthcare CRM, Healthcare
655, "Analyze and optimize supply chain logistics for a retail chain", Retail Supply Chain, Retail
656, "Create and optimize content for a travel booking platform", Travel Booking Content, Tourism
657, "Develop and maintain a cloud-based video conferencing system", Video Streaming, Media
658, "Design and create virtual reality experiences for education", VR Education, Education Technology
659, "Perform data analysis and visualization for environmental conservation", Environmental Data Analysis, Environmental Science
660, "Analyze and develop machine learning algorithms for predictive maintenance", Predictive Maintenance, Manufacturing
661, "Build and maintain a cryptocurrency wallet application", Crypto Wallet, Finance
662, "Implement and manage a smart city transportation system", Smart City Transportation, Urban Planning
663, "Develop and maintain an online music streaming platform", Music Streaming, Entertainment
664, "Design and develop a language learning app with speech recognition", Language Learning App, Language Education
665, "Create and optimize content for a fashion and beauty blog", Fashion Content, E-commerce
666, "Analyze and optimize network security for a financial institution", Network Security, Cybersecurity
667, "Develop and manage a wildlife tracking and conservation database", Wildlife Tracking, Conservation
668, "Perform security audits and penetration testing for a technology company", Security Audits, Cybersecurity
669, "Build and maintain a smart home automation system", Smart Home Automation, IoT
670, "Implement and manage a CRM system for a customer service center", CRM for Customer Service, Customer Support
671, "Design and create virtual reality therapy experiences for mental health", VR Therapy, Healthcare
672, "Develop and optimize renewable energy solutions", Renewable Energy, Sustainability
673, "Analyze and develop content for search engine optimization (SEO)", SEO Content, Digital Marketing
674, "Design and develop a mobile app for remote work and collaboration", Remote Work App, Remote Collaboration
675, "Create and optimize content for a cooking and recipe website", Cooking and Recipe Content, Food and Cooking
676, "Build and manage renewable energy power plants", Renewable Energy Management, Energy
677, "Implement and manage a CRM system for a sales and marketing team", Sales and Marketing CRM, Sales and Marketing
678, "Develop and maintain an e-government platform for citizen engagement", Citizen Engagement, Public Services
679, "Design and create virtual reality marketing campaigns", VR Marketing, Digital Marketing
680, "Analyze and develop AI algorithms for sentiment analysis", Sentiment Analysis, AI
681, "Develop and manage a wildlife conservation database", Wildlife Conservation Database, Environmental Science
682, "Perform security audits and penetration testing for a financial institution", Security Audits, Cybersecurity
683, "Build and maintain a smart city IoT infrastructure", Smart City IoT, IoT
684, "Implement and manage a blockchain-based voting system", Blockchain Voting, Democracy
685, "Design and create virtual museum tours with augmented reality", AR Museum Tours, Art and Culture
686, "Analyze and optimize a manufacturing process for a pharmaceutical company", Pharmaceutical Manufacturing, Pharmaceutical
687, "Develop and manage a mobile banking app for a financial institution", Mobile Banking, Finance
688, "Perform data analysis and visualization for climate change research", Climate Data Analysis, Environmental Science
689, "Analyze and develop machine learning algorithms for medical image analysis", Medical Image Analysis, Healthcare
690, "Design and develop a language translation app with speech recognition", Translation App, Language Technology
691, "Build and maintain a cryptocurrency trading platform", Cryptocurrency Trading, Finance
692, "Implement and manage a fleet tracking system for a logistics company", Fleet Tracking, Logistics
693, "Develop and maintain a chatbot for a customer support center", Chatbot Development, Customer Service
694, "Create and optimize content for a travel and tourism website", Travel Content, Tourism
695, "Analyze and optimize network infrastructure for a telecommunications company", Network Infrastructure Optimization, Telecommunications
696, "Design and develop a mobile app for mental health support", Mental Health App, Healthcare
697, "Develop and manage an e-commerce platform for handmade crafts", Handmade Crafts, E-commerce
698, "Build and maintain a game server for an online gaming community", Game Server Management, Gaming
699, "Implement and manage a loyalty program for a retail chain", Loyalty Program Management, Retail
700, "Analyze and optimize user interface for a fitness app", Fitness App UI, Health and Fitness
701, "Design and create virtual reality training simulations for the military", VR Training Simulations, Defense
702, "Develop and maintain a social networking platform for a niche community", Social Networking, Community Building
703, "Perform system and network security assessments for a technology company", Security Assessments, Cybersecurity
704, "Create and optimize content for a food and recipe blog", Food Blog Content, Food and Cooking
705, "Analyze and develop AI algorithms for autonomous drones", Drone AI, Aerospace
706, "Design and develop an augmented reality shopping app", AR Shopping App, E-commerce
707, "Develop and manage a real-time stock market data platform", Stock Market Data, Finance
708, "Build and maintain a fleet of autonomous delivery robots", Delivery Robotics, Logistics
709, "Implement and manage a customer relationship platform for a healthcare provider", Healthcare CRM, Healthcare
710, "Analyze and optimize supply chain logistics for a retail chain", Retail Supply Chain, Retail
711, "Create and optimize content for a travel booking platform", Travel Booking Content, Tourism
712, "Develop and maintain a cloud-based video conferencing system", Video Conferencing, Communication
713, "Design and create virtual reality experiences for education", VR Education, Education Technology
714, "Perform data analysis and visualization for environmental conservation", Environmental Data Analysis, Environmental Science
715, "Analyze and develop machine learning algorithms for predictive maintenance", Predictive Maintenance, Manufacturing
716, "Build and maintain a cryptocurrency wallet application", Crypto Wallet, Finance
717, "Implement and manage a smart city transportation system", Smart City Transportation, Urban Planning
718, "Develop and maintain an online music streaming platform", Music Streaming, Entertainment
719, "Design and develop a language learning app with speech recognition", Language Learning App, Language Education
720, "Create and optimize content for a fashion and beauty blog", Fashion and Beauty Blog, Fashion and Beauty
721, "Analyze and optimize network security for a financial institution", Network Security, Cybersecurity
722, "Develop and manage a wildlife tracking and conservation system", Wildlife Tracking, Conservation
723, "Perform security audits and penetration testing for a technology company", Security Audits, Cybersecurity
724, "Build and maintain a smart home automation system", Smart Home Automation, IoT
725, "Implement and manage a CRM system for a customer service center", CRM for Customer Service, Customer Support
726, "Design and create virtual reality therapy experiences for mental health", VR Therapy, Healthcare
727, "Develop and optimize renewable energy solutions", Renewable Energy, Sustainability
728, "Analyze and develop content for search engine optimization (SEO)", SEO Content, Digital Marketing
729, "Design and develop a mobile health app for patient monitoring", Mobile Health, Healthcare
730, "Create and optimize 3D printing processes for manufacturing", 3D Printing, Manufacturing
731, "Build and manage renewable energy power plants", Renewable Energy Management, Energy
732, "Implement and manage a CRM system for a sales team", CRM Management, Sales
733, "Develop and maintain an e-government platform for citizen engagement", Citizen Engagement, Public Services
734, "Design and create virtual reality marketing campaigns", VR Marketing, Digital Marketing
735, "Analyze and develop AI algorithms for sentiment analysis", Sentiment Analysis, AI
736, "Develop and manage a wildlife conservation database", Wildlife Conservation Database, Environmental Science
737, "Perform security audits and penetration testing for a financial institution", Security Audits, Cybersecurity
738, "Build and maintain a smart city IoT infrastructure", Smart City IoT, IoT
739, "Implement and manage a blockchain-based voting system", Blockchain Voting, Democracy
740, "Design and create virtual museum tours with augmented reality", AR Museum Tours, Art and Culture
741, "Analyze and optimize a manufacturing process for a pharmaceutical company", Pharmaceutical Manufacturing, Pharmaceutical
742, "Develop and manage a mobile banking app for a financial institution", Mobile Banking, Finance
743, "Perform data analysis and visualization for climate change research", Climate Data Analysis, Environmental Science
744, "Analyze and develop machine learning algorithms for medical image analysis", Medical Image Analysis, Healthcare
745, "Design and develop a language translation app with speech recognition", Translation App, Language Technology
746, "Build and maintain a cryptocurrency trading platform", Cryptocurrency Trading, Finance
747, "Implement and manage a fleet tracking system for a logistics company", Fleet Tracking, Logistics
748, "Develop and maintain a chatbot for a customer support center", Chatbot Development, Customer Service
749, "Create and optimize content for a travel and tourism website", Travel Content, Tourism


